{
  "num_diseases": 17,
  "K": 10,
  "AUPRC": 0.05765899216090437,
  "AUROC": 0.264858219147116,
  "P@10": 0.0,
  "R@10": 0.0,
  "AvgRank": 13.0
}