{
  "num_diseases": 17,
  "K": 10,
  "AUPRC": 0.05765899216090438,
  "AUROC": 0.26485821914711594,
  "P@10": 0.0,
  "R@10": 0.0,
  "AvgRank": 13.0
}