{
  "num_diseases": 17,
  "K": 10,
  "AUPRC": 0.14278881519490788,
  "AUROC": 0.36580671748999144,
  "P@10": 2.9411764705882355,
  "R@10": 18.627450980392158,
  "AvgRank": 11.519607843137255
}